 elin, emil, emma, erik, andreas, jonas, julia, klaus, lea, sarah, ella, heather, josh, karen, kenny, laura, micah, nelly, rod, ryan, saul, scott, tracy, will, willbadguy, willfromafar, willhappy, willlittlecreature, willoldman, willsad, willupclose, marcia, louise, lulu, minji, samuel, kal, daan, femke, jasmijn, max, mette, rasmus, justine, bente, kari, olav, ipek, laia, alyona, jeroen, jeroenhappy, jeroensad, sofie, zoe, deepa, sanna, rodrigo, rosa, liam, lisa, olivia, tyler, mia, dimitris, dimitrishappy, dimitrissad, alice, antoine, antoinefromafar, antoinehappy, antoinesad, antoineupclose, bruno, claire, julie, margaux, margauxhappy, margauxsad, chiara, fabiana, vittorio, eliska, celia, sakura, antonio, ines, maria, graham, harry, lucy, nizareng, peter, peterhappy, petersad, queenelizabeth, rachel, rosie, ania, monika, leila, mehdi, nizar, salma,